Workbook
Name 折算系数检查: '1、折算系数表'!#REF!

Sheet 1、折算系数表
A1: 客户/项目组名称 | B1: PerfectMatch、Context Match | C1: Repetitions、Cross-file Repetitions | D1: 1 | E1: 95% - 99% | F1: 85% - 94% | G1: 75% - 84% | H1: 50% - 74% | I1: New/AT | J1: 检查提示
B2: 上下文匹配 | C2: 重复 | D2: 1 | E2: 95% - 99% | F2: 85% - 94% | G2: 75% - 84% | H2: 50% - 74% | I2: 新字/AT
A3: 客户A | B3: 0.2 | C3: 0.2 | D3: 0.2 | E3: 0.2 | F3: 0.4 | G3: 0.4 | H3: 1 | I3: 1 | J3: =errorMessage!B3
A4: 客户B | B4: 0.2 | C4: 0.2 | D4: 0.2 | E4: 0.2 | F4: 0.4 | G4: 0.4 | H4: 1 | I4: 1 | J4: =errorMessage!B4
A5: 客户C | B5: 0.2 | C5: 0.2 | D5: 0.2 | E5: 0.2 | F5: 0.4 | G5: 0.4 | H5: 1 | I5: 1 | J5: =errorMessage!B5
A6: 客户DD | B6: 0.2 | C6: 0.2 | D6: 0.2 | E6: 0.2 | F6: 0.4 | G6: 0.4 | H6: 1 | I6: 1 | J6: =errorMessage!B6
J7: =errorMessage!B7
J8: =errorMessage!B8
J9: =errorMessage!B9
J10: =errorMessage!B10
J11: =errorMessage!B11
J12: =errorMessage!B12
J13: =errorMessage!B13
J14: =errorMessage!B14
J15: =errorMessage!B15
J16: =errorMessage!B16
J17: =errorMessage!B17
J18: =errorMessage!B18
... J23: =errorMessage!B23

Sheet errorMessage
B1: ErrorMessage
B3: =IF(AND(LEN(TRIM('1、折算系数表'!A3))>0,COUNTA('1、折算系数表'!B3:I3)<8),"系数项不能留空，如不需计算可填写0！",IF(COUNTIF('1、折算系数表'!B3:I3,">1")=0,"","有折算比例大于100%的系数"))
B4: =IF(AND(LEN(TRIM('1、折算系数表'!A4))>0,COUNTA('1、折算系数表'!B4:I4)<8),"系数项不能留空，如不需计算可填写0！",IF(COUNTIF('1、折算系数表'!B4:I4,">1")=0,"","有折算比例大于100%的系数"))
B5: =IF(AND(LEN(TRIM('1、折算系数表'!A5))>0,COUNTA('1、折算系数表'!B5:I5)<8),"系数项不能留空，如不需计算可填写0！",IF(COUNTIF('1、折算系数表'!B5:I5,">1")=0,"","有折算比例大于100%的系数"))
B6: =IF(AND(LEN(TRIM('1、折算系数表'!A6))>0,COUNTA('1、折算系数表'!B6:I6)<8),"系数项不能留空，如不需计算可填写0！",IF(COUNTIF('1、折算系数表'!B6:I6,">1")=0,"","有折算比例大于100%的系数"))
B7: =IF(AND(LEN(TRIM('1、折算系数表'!A7))>0,COUNTA('1、折算系数表'!B7:I7)<8),"系数项不能留空，如不需计算可填写0！",IF(COUNTIF('1、折算系数表'!B7:I7,">1")=0,"","有折算比例大于100%的系数"))
B8: =IF(AND(LEN(TRIM('1、折算系数表'!A8))>0,COUNTA('1、折算系数表'!B8:I8)<8),"系数项不能留空，如不需计算可填写0！",IF(COUNTIF('1、折算系数表'!B8:I8,">1")=0,"","有折算比例大于100%的系数"))
B9: =IF(AND(LEN(TRIM('1、折算系数表'!A9))>0,COUNTA('1、折算系数表'!B9:I9)<8),"系数项不能留空，如不需计算可填写0！",IF(COUNTIF('1、折算系数表'!B9:I9,">1")=0,"","有折算比例大于100%的系数"))
B10: =IF(AND(LEN(TRIM('1、折算系数表'!A10))>0,COUNTA('1、折算系数表'!B10:I10)<8),"系数项不能留空，如不需计算可填写0！",IF(COUNTIF('1、折算系数表'!B10:I10,">1")=0,"","有折算比例大于100%的系数"))
B11: =IF(AND(LEN(TRIM('1、折算系数表'!A11))>0,COUNTA('1、折算系数表'!B11:I11)<8),"系数项不能留空，如不需计算可填写0！",IF(COUNTIF('1、折算系数表'!B11:I11,">1")=0,"","有折算比例大于100%的系数"))
B12: =IF(AND(LEN(TRIM('1、折算系数表'!A12))>0,COUNTA('1、折算系数表'!B12:I12)<8),"系数项不能留空，如不需计算可填写0！",IF(COUNTIF('1、折算系数表'!B12:I12,">1")=0,"","有折算比例大于100%的系数"))
B13: =IF(AND(LEN(TRIM('1、折算系数表'!A13))>0,COUNTA('1、折算系数表'!B13:I13)<8),"系数项不能留空，如不需计算可填写0！",IF(COUNTIF('1、折算系数表'!B13:I13,">1")=0,"","有折算比例大于100%的系数"))
B14: =IF(AND(LEN(TRIM('1、折算系数表'!A14))>0,COUNTA('1、折算系数表'!B14:I14)<8),"系数项不能留空，如不需计算可填写0！",IF(COUNTIF('1、折算系数表'!B14:I14,">1")=0,"","有折算比例大于100%的系数"))
... B103: =IF(AND(LEN(TRIM('1、折算系数表'!A103))>0,COUNTA('1、折算系数表'!B103:I103)<8),"系数项不能留空，如不需计算可填写0！",IF(COUNTIF('1、折算系数表'!B103:I103,">1")=0,"","有折算比例大于100%的系数"))
